Timestamp,User Count,Type,Name,Requests/s,Failures/s,50%,66%,75%,80%,90%,95%,98%,99%,99.9%,99.99%,100%,Total Request Count,Total Failure Count,Total Median Response Time,Total Average Response Time,Total Min Response Time,Total Max Response Time,Total Average Content Size
1767971811,0,,Aggregated,0.000000,0.000000,N/A,N/A,N/A,N/A,N/A,N/A,N/A,N/A,N/A,N/A,N/A,0,0,0,0.0,0,0,0
1767971812,10,,Aggregated,0.000000,0.000000,N/A,N/A,N/A,N/A,N/A,N/A,N/A,N/A,N/A,N/A,N/A,0,0,0,0.0,0,0,0
1767971813,20,,Aggregated,0.000000,0.000000,1400,1400,1400,1400,1400,1400,1400,1400,1400,1400,1400,1,0,1430.5500410264358,1430.5500410264358,1430.5500410264358,1430.5500410264358,498.0
1767971814,30,,Aggregated,0.000000,0.000000,2300,2300,2300,2300,2300,2300,2300,2300,2300,2300,2300,2,0,1430.5500410264358,1871.20352050988,1430.5500410264358,2311.8569999933243,499.0
1767971815,40,,Aggregated,0.000000,0.000000,3000,3000,3900,3900,3900,3900,3900,3900,3900,3900,3900,4,0,2300.0,2684.497239490156,1430.5500410264358,3949.953999952413,498.75
1767971816,50,,Aggregated,0.333333,0.000000,3000,3900,3900,4900,4900,4900,4900,4900,4900,4900,4900,5,0,3000.0,3121.809158392716,1430.5500410264358,4871.056834002957,499.4
1767971817,50,,Aggregated,0.750000,0.000000,3900,3900,4900,4900,5500,5500,5500,5500,5500,5500,5500,6,0,3000.0,3522.2649376567765,1430.5500410264358,5524.543833977077,499.5
1767971818,50,,Aggregated,0.750000,0.000000,3900,3900,4900,4900,5500,5500,5500,5500,5500,5500,5500,6,0,3000.0,3522.2649376567765,1430.5500410264358,5524.543833977077,499.5
1767971819,50,,Aggregated,0.750000,0.000000,3900,3900,4900,4900,5500,5500,5500,5500,5500,5500,5500,6,0,3000.0,3522.2649376567765,1430.5500410264358,5524.543833977077,499.5
1767971820,50,,Aggregated,0.857143,0.000000,3900,4900,5500,5500,8600,8600,8600,8600,8600,8600,8600,7,0,3900.0,4241.6359347075095,1430.5500410264358,8557.861917011905,500.0
1767971821,50,,Aggregated,0.857143,0.000000,3900,4900,5500,5500,8600,8600,8600,8600,8600,8600,8600,7,0,3900.0,4241.6359347075095,1430.5500410264358,8557.861917011905,500.0
1767971822,50,,Aggregated,0.857143,0.000000,3900,4900,5500,5500,8600,8600,8600,8600,8600,8600,8600,7,0,3900.0,4241.6359347075095,1430.5500410264358,8557.861917011905,500.0
1767971823,50,,Aggregated,0.700000,0.000000,4900,5500,8600,8600,11000,11000,11000,11000,11000,11000,11000,8,0,3900.0,5137.048645992763,1430.5500410264358,11404.937624989543,500.375
1767971824,50,,Aggregated,0.700000,0.000000,4900,5500,8600,8600,11000,11000,11000,11000,11000,11000,11000,8,0,3900.0,5137.048645992763,1430.5500410264358,11404.937624989543,500.375
1767971825,50,,Aggregated,0.700000,0.000000,4900,5500,8600,11000,13000,13000,13000,13000,13000,13000,13000,9,0,4900.0,6040.534009329147,1430.5500410264358,13268.416916020215,500.55555555555554
1767971826,50,,Aggregated,0.700000,0.000000,5500,11000,13000,13000,14000,14000,14000,14000,14000,14000,14000,11,0,5500.0,7483.45287127251,1430.5500410264358,14087.170542043168,500.45454545454544
1767971827,50,,Aggregated,0.500000,0.000000,8600,11000,14000,14000,14000,15000,15000,15000,15000,15000,15000,12,0,5500.0,8077.840138915538,1430.5500410264358,14616.10008298885,500.6666666666667
1767971828,50,,Aggregated,0.600000,0.000000,8600,13000,14000,14000,15000,15000,15000,15000,15000,15000,15000,13,0,8600.0,8644.219147462327,1430.5500410264358,15440.767250023782,500.6923076923077
1767971829,50,,Aggregated,0.600000,0.000000,11000,14000,14000,15000,15000,17000,17000,17000,17000,17000,17000,14,0,8600.0,9210.207845213257,1430.5500410264358,16568.060915975366,500.7142857142857
1767971830,50,,Aggregated,0.600000,0.000000,11000,14000,15000,15000,17000,17000,17000,17000,17000,17000,17000,15,0,11000.0,9748.396163864527,1430.5500410264358,17283.032624982297,500.46666666666664
1767971831,50,,Aggregated,0.700000,0.000000,13000,14000,15000,15000,17000,19000,19000,19000,19000,19000,19000,16,0,11000.0,10303.387601557915,1430.5500410264358,18628.259166958742,500.6875
1767971832,50,,Aggregated,0.800000,0.000000,13000,15000,15000,17000,19000,20000,20000,20000,20000,20000,20000,17,0,13000.0,10871.832561230643,1430.5500410264358,19966.951915994287,500.88235294117646
1767971833,50,,Aggregated,0.800000,0.000000,13000,15000,15000,17000,19000,20000,20000,20000,20000,20000,20000,17,0,13000.0,10871.832561230643,1430.5500410264358,19966.951915994287,500.88235294117646
1767971834,50,,Aggregated,0.900000,0.000000,14000,15000,17000,17000,20000,22000,22000,22000,22000,22000,22000,18,0,13000.0,11489.583076330342,1430.5500410264358,21991.341833025217,501.0
1767971835,50,,Aggregated,0.900000,0.000000,14000,15000,17000,17000,20000,22000,22000,22000,22000,22000,22000,18,0,13000.0,11489.583076330342,1430.5500410264358,21991.341833025217,501.0
1767971836,50,,Aggregated,0.900000,0.000000,14000,15000,17000,19000,22000,24000,24000,24000,24000,24000,24000,19,0,14000.0,12150.350822310429,1430.5500410264358,24044.170249952003,501.0
1767971837,50,,Aggregated,0.900000,0.000000,14000,15000,17000,19000,22000,24000,24000,24000,24000,24000,24000,19,0,14000.0,12150.350822310429,1430.5500410264358,24044.170249952003,501.0
1767971838,50,,Aggregated,0.900000,0.000000,14000,15000,17000,19000,22000,24000,24000,24000,24000,24000,24000,19,0,14000.0,12150.350822310429,1430.5500410264358,24044.170249952003,501.0
1767971839,50,,Aggregated,0.900000,0.000000,14000,15000,17000,19000,22000,24000,24000,24000,24000,24000,24000,19,0,14000.0,12150.350822310429,1430.5500410264358,24044.170249952003,501.0
1767971840,50,,Aggregated,0.700000,0.000000,14000,17000,19000,20000,24000,27000,27000,27000,27000,27000,27000,20,0,14000.0,12903.505072844564,1430.5500410264358,27213.435832993127,500.95
1767971841,50,,Aggregated,0.700000,0.000000,14000,17000,19000,20000,24000,27000,27000,27000,27000,27000,27000,20,0,14000.0,12903.505072844564,1430.5500410264358,27213.435832993127,500.95
1767971842,50,,Aggregated,0.700000,0.000000,14000,17000,19000,20000,24000,27000,27000,27000,27000,27000,27000,20,0,14000.0,12903.505072844564,1430.5500410264358,27213.435832993127,500.95
1767971843,50,,Aggregated,0.500000,0.000000,14000,17000,19000,20000,24000,27000,30000,30000,30000,30000,30000,21,0,14000.0,13707.539763803306,1430.5500410264358,29788.233582978137,500.95238095238096
1767971845,50,,Aggregated,0.500000,0.000000,14000,17000,19000,20000,24000,27000,30000,30000,30000,30000,30000,21,0,14000.0,13707.539763803306,1430.5500410264358,29788.233582978137,500.95238095238096
1767971846,50,,Aggregated,0.500000,0.000000,14000,17000,19000,20000,24000,27000,30000,30000,30000,30000,30000,21,0,14000.0,13707.539763803306,1430.5500410264358,29788.233582978137,500.95238095238096
1767971847,50,,Aggregated,0.400000,0.000000,15000,17000,20000,22000,27000,30000,33000,33000,33000,33000,33000,22,0,14000.0,14564.541905221466,1430.5500410264358,32561.58687500283,501.09090909090907
1767971848,50,,Aggregated,0.400000,0.000000,15000,17000,20000,22000,27000,30000,33000,33000,33000,33000,33000,22,0,14000.0,14564.541905221466,1430.5500410264358,32561.58687500283,501.09090909090907
1767971849,50,,Aggregated,0.400000,0.000000,15000,17000,20000,22000,27000,30000,33000,33000,33000,33000,33000,22,0,14000.0,14564.541905221466,1430.5500410264358,32561.58687500283,501.09090909090907
1767971850,50,,Aggregated,0.300000,0.000000,15000,19000,22000,24000,30000,33000,36000,36000,36000,36000,36000,23,0,15000.0,15476.43631512461,1430.5500410264358,35538.11333299382,501.0
1767971851,50,,Aggregated,0.300000,0.000000,15000,19000,22000,24000,30000,33000,36000,36000,36000,36000,36000,23,0,15000.0,15476.43631512461,1430.5500410264358,35538.11333299382,501.0
1767971852,50,,Aggregated,0.300000,0.000000,15000,19000,22000,24000,30000,33000,36000,36000,36000,36000,36000,23,0,15000.0,15476.43631512461,1430.5500410264358,35538.11333299382,501.0
1767971853,50,,Aggregated,0.400000,0.000000,15000,19000,24000,27000,33000,36000,39000,39000,39000,39000,39000,24,0,15000.0,16435.983183953795,1430.5500410264358,38505.56116702501,501.1666666666667
1767971854,50,,Aggregated,0.400000,0.000000,15000,19000,24000,27000,33000,36000,39000,39000,39000,39000,39000,24,0,15000.0,16435.983183953795,1430.5500410264358,38505.56116702501,501.1666666666667
1767971855,50,,Aggregated,0.400000,0.000000,15000,20000,24000,30000,36000,39000,41000,41000,41000,41000,41000,25,0,15000.0,17425.197004955262,1430.5500410264358,41166.32870899048,501.24
1767971856,50,,Aggregated,0.400000,0.000000,15000,20000,24000,30000,36000,39000,41000,41000,41000,41000,41000,25,0,15000.0,17425.197004955262,1430.5500410264358,41166.32870899048,501.24
1767971857,50,,Aggregated,0.400000,0.000000,15000,20000,24000,30000,36000,39000,41000,41000,41000,41000,41000,25,0,15000.0,17425.197004955262,1430.5500410264358,41166.32870899048,501.24
1767971858,50,,Aggregated,0.400000,0.000000,15000,20000,24000,30000,36000,39000,41000,41000,41000,41000,41000,25,0,15000.0,17425.197004955262,1430.5500410264358,41166.32870899048,501.24
1767971859,50,,Aggregated,0.400000,0.000000,17000,22000,30000,33000,41000,44000,45000,45000,45000,45000,45000,27,0,17000.0,19445.35188114538,1430.5500410264358,45055.48933299724,501.1111111111111
1767971860,50,,Aggregated,0.300000,0.000000,17000,24000,33000,36000,44000,45000,46000,46000,46000,46000,46000,28,0,17000.0,20395.501205319306,1430.5500410264358,46049.532958015334,501.0
1767971861,50,,Aggregated,0.300000,0.000000,17000,27000,33000,39000,45000,46000,47000,47000,47000,47000,47000,29,0,17000.0,21305.958120654144,1430.5500410264358,46798.75175002962,501.0
1767971862,50,,Aggregated,0.500000,0.000000,19000,27000,36000,41000,46000,47000,48000,48000,48000,48000,48000,30,0,17000.0,22189.669326366857,1430.5500410264358,47817.29429203551,501.0
1767971863,50,,Aggregated,0.500000,0.000000,19000,30000,39000,41000,46000,48000,49000,49000,49000,49000,49000,31,0,19000.0,23046.06702687001,1430.5500410264358,48737.9980419646,500.96774193548384
1767971864,50,,Aggregated,0.600000,0.000000,20000,33000,41000,44000,47000,49000,49000,49000,49000,49000,49000,32,0,19000.0,23856.132580716803,1430.5500410264358,48968.1647499674,500.90625
1767971865,50,,Aggregated,0.700000,0.000000,22000,36000,44000,46000,49000,49000,50000,50000,50000,50000,50000,34,0,20000.0,25374.323249967452,1430.5500410264358,50095.31808295287,500.88235294117646
1767971866,50,,Aggregated,0.700000,0.000000,22000,39000,45000,47000,49000,50000,51000,51000,51000,51000,51000,35,0,22000.0,26104.075649969414,1430.5500410264358,50915.65725003602,500.9142857142857
1767971867,50,,Aggregated,0.800000,0.000000,24000,39000,46000,47000,49000,51000,52000,52000,52000,52000,52000,36,0,22000.0,26812.272186303744,1430.5500410264358,51599.15095800534,500.9166666666667
1767971868,50,,Aggregated,1.000000,0.000000,24000,41000,46000,48000,50000,52000,53000,53000,53000,53000,53000,37,0,24000.0,27506.7031272149,1430.5500410264358,52506.21700001648,500.8918918918919
1767971869,50,,Aggregated,1.000000,0.000000,27000,44000,48000,49000,52000,53000,54000,54000,54000,54000,54000,39,0,27000.0,28844.947061947703,1430.5500410264358,53970.79854202457,500.9230769230769
1767971870,50,,Aggregated,1.100000,0.000000,30000,45000,49000,49000,53000,54000,55000,55000,55000,55000,55000,40,0,27000.0,29498.964382274426,1430.5500410264358,55005.63987501664,500.925
1767971871,50,,Aggregated,1.200000,0.000000,30000,46000,49000,49000,53000,54000,55000,55000,55000,55000,55000,41,0,30000.0,30129.495782510763,1430.5500410264358,55350.751791964285,500.9268292682927
1767971872,50,,Aggregated,1.200000,0.000000,33000,47000,49000,51000,54000,55000,57000,57000,57000,57000,57000,43,0,33000.0,31372.39844864911,1430.5500410264358,57159.70516699599,500.8139534883721
1767971873,50,,Aggregated,1.200000,0.000000,33000,47000,49000,51000,54000,55000,57000,57000,57000,57000,57000,43,0,33000.0,31372.39844864911,1430.5500410264358,57159.70516699599,500.8139534883721
1767971874,50,,Aggregated,1.200000,0.000000,36000,48000,50000,52000,55000,57000,57000,57000,57000,57000,57000,44,0,33000.0,31958.163275565974,1430.5500410264358,57159.70516699599,500.84090909090907
1767971875,50,,Aggregated,1.200000,0.000000,36000,48000,50000,53000,55000,57000,59000,59000,59000,59000,59000,45,0,36000.0,32555.07779537519,1430.5500410264358,58819.31666698074,500.8888888888889
1767971876,50,,Aggregated,1.200000,0.000000,39000,49000,51000,53000,57000,57000,60000,60000,60000,60000,60000,46,0,36000.0,33143.85462682391,1430.5500410264358,59638.81204201607,500.9347826086956
1767971877,50,,Aggregated,1.100000,0.000000,41000,49000,53000,54000,57000,60000,61000,61000,61000,61000,61000,48,0,39000.0,34295.82797829062,1430.5500410264358,61171.8822910334,500.875
1767971878,50,,Aggregated,1.100000,0.000000,41000,49000,53000,55000,59000,60000,62000,62000,62000,62000,62000,49,0,41000.0,34861.01087924373,1430.5500410264358,61989.790124993306,500.85714285714283
1767971879,50,,Aggregated,1.100000,0.000000,44000,50000,53000,55000,60000,61000,63000,63000,63000,63000,63000,50,0,41000.0,35419.96735833818,1430.5500410264358,62808.8348339661,500.9
1767971880,50,,Aggregated,1.100000,0.000000,44000,50000,54000,55000,60000,62000,63000,63000,63000,63000,63000,51,0,44000.0,35969.43037256635,1430.5500410264358,63442.5810839748,500.921568627451
1767971881,50,,Aggregated,1.200000,0.000000,45000,51000,55000,57000,60000,63000,63000,64000,64000,64000,64000,52,0,44000.0,36517.143438306026,1430.5500410264358,64450.50979102962,500.9230769230769
1767971882,50,,Aggregated,1.100000,0.000000,45000,51000,55000,57000,61000,63000,64000,65000,65000,65000,65000,53,0,45000.0,37059.538669809524,1430.5500410264358,65264.09070799127,500.9433962264151
1767971883,50,,Aggregated,1.100000,0.000000,45000,51000,55000,57000,61000,63000,64000,65000,65000,65000,65000,53,0,45000.0,37059.538669809524,1430.5500410264358,65264.09070799127,500.9433962264151
1767971884,50,,Aggregated,1.100000,0.000000,46000,52000,55000,57000,62000,64000,65000,68000,68000,68000,68000,54,0,45000.0,37627.446489201655,1430.5500410264358,67726.56091698445,501.0
1767971885,50,,Aggregated,1.100000,0.000000,46000,52000,55000,57000,62000,64000,65000,68000,68000,68000,68000,54,0,45000.0,37627.446489201655,1430.5500410264358,67726.56091698445,501.0
1767971886,50,,Aggregated,1.000000,0.000000,46000,53000,57000,59000,63000,65000,68000,68000,68000,68000,68000,55,0,46000.0,38182.20184243454,1430.5500410264358,68138.99091701023,500.94545454545454
1767971887,50,,Aggregated,1.000000,0.000000,47000,53000,57000,60000,64000,68000,68000,69000,69000,69000,69000,57,0,47000.0,39208.67405848868,1430.5500410264358,68537.14450000552,500.9824561403509
1767971888,50,,Aggregated,0.900000,0.000000,48000,54000,57000,60000,64000,68000,68000,69000,69000,69000,69000,58,0,47000.0,39640.04224137672,1430.5500410264358,68537.14450000552,500.98275862068965
1767971889,50,,Aggregated,0.900000,0.000000,48000,54000,59000,61000,64000,68000,68000,69000,69000,69000,69000,59,0,48000.0,40039.34624718435,1430.5500410264358,68537.14450000552,500.93220338983053
1767971890,50,,Aggregated,0.900000,0.000000,49000,55000,60000,62000,64000,68000,68000,69000,69000,69000,69000,60,0,48000.0,40432.79413821389,1430.5500410264358,68537.14450000552,500.98333333333335
1767971891,50,,Aggregated,0.900000,0.000000,49000,55000,60000,62000,64000,66000,68000,69000,69000,69000,69000,61,0,49000.0,40811.27112843936,1430.5500410264358,68537.14450000552,500.9672131147541
1767971892,50,,Aggregated,0.900000,0.000000,49000,55000,60000,63000,64000,66000,68000,69000,69000,69000,69000,62,0,49000.0,41183.23038107783,1430.5500410264358,68537.14450000552,500.9516129032258
1767971893,50,,Aggregated,0.800000,0.000000,49000,57000,61000,63000,64000,66000,68000,69000,69000,69000,69000,63,0,49000.0,41542.932158092124,1430.5500410264358,68537.14450000552,500.95238095238096
1767971894,50,,Aggregated,0.900000,0.000000,49000,57000,62000,63000,64000,66000,68000,69000,69000,69000,69000,65,0,49000.0,42217.67574296637,1430.5500410264358,68537.14450000552,500.9230769230769
1767971895,50,,Aggregated,0.900000,0.000000,50000,57000,63000,63000,64000,66000,68000,69000,69000,69000,69000,66,0,49000.0,42530.462474770364,1430.5500410264358,68537.14450000552,500.90909090909093
1767971896,50,,Aggregated,1.000000,0.000000,50000,59000,63000,63000,64000,66000,68000,69000,69000,69000,69000,67,0,50000.0,42823.443783609604,1430.5500410264358,68537.14450000552,500.910447761194
1767971897,50,,Aggregated,1.100000,0.000000,51000,60000,62000,63000,64000,66000,68000,69000,69000,69000,69000,69,0,51000.0,43337.48176089569,1430.5500410264358,68537.14450000552,500.92753623188406
1767971898,50,,Aggregated,1.200000,0.000000,52000,60000,62000,63000,64000,66000,68000,69000,69000,69000,69000,70,0,51000.0,43540.869139897404,1430.5500410264358,68537.14450000552,500.92857142857144
1767971899,50,,Aggregated,1.200000,0.000000,52000,59000,62000,63000,64000,66000,68000,69000,69000,69000,69000,71,0,52000.0,43706.298521137796,1430.5500410264358,68537.14450000552,500.943661971831
1767971900,50,,Aggregated,1.200000,0.000000,53000,59000,62000,63000,64000,66000,68000,69000,69000,69000,69000,72,0,52000.0,43831.18117767784,1430.5500410264358,68537.14450000552,500.9583333333333
1767971901,50,,Aggregated,1.200000,0.000000,52000,58000,62000,63000,64000,66000,68000,69000,69000,69000,69000,74,0,51000.0,43985.075842929735,1430.5500410264358,68537.14450000552,501.0
1767971902,50,,Aggregated,1.300000,0.000000,51000,58000,62000,63000,64000,66000,68000,69000,69000,69000,69000,75,0,51000.0,44024.69919169089,1430.5500410264358,68537.14450000552,501.02666666666664
1767971903,50,,Aggregated,1.300000,0.000000,51000,58000,62000,63000,64000,66000,68000,69000,69000,69000,69000,76,0,51000.0,44030.68324289282,1430.5500410264358,68537.14450000552,501.0394736842105
1767971904,50,,Aggregated,1.200000,0.000000,51000,57000,61000,63000,64000,66000,68000,69000,69000,69000,69000,77,0,51000.0,44038.98028085498,1430.5500410264358,68537.14450000552,501.05194805194805
1767971905,50,,Aggregated,1.200000,0.000000,51000,57000,61000,63000,64000,66000,68000,69000,69000,69000,69000,78,0,50000.0,44045.01023611355,1430.5500410264358,68537.14450000552,501.05128205128204
1767971906,50,,Aggregated,1.200000,0.000000,50000,57000,61000,63000,64000,66000,68000,69000,69000,69000,69000,80,0,49000.0,44049.72669582348,1430.5500410264358,68537.14450000552,501.075
1767971907,50,,Aggregated,1.200000,0.000000,49000,57000,61000,63000,64000,65000,68000,69000,69000,69000,69000,81,0,49000.0,44051.59463270217,1430.5500410264358,68537.14450000552,501.0617283950617
1767971908,50,,Aggregated,1.200000,0.000000,49000,57000,61000,63000,64000,65000,68000,69000,69000,69000,69000,82,0,49000.0,44054.83707163281,1430.5500410264358,68537.14450000552,501.0121951219512
1767971909,50,,Aggregated,1.200000,0.000000,49000,57000,61000,63000,64000,65000,68000,69000,69000,69000,69000,83,0,49000.0,44059.43948242053,1430.5500410264358,68537.14450000552,501.0240963855422
1767971910,50,,Aggregated,1.100000,0.000000,49000,57000,61000,63000,64000,65000,68000,69000,69000,69000,69000,84,0,49000.0,44063.814199891305,1430.5500410264358,68537.14450000552,501.01190476190476
1767971911,50,,Aggregated,1.200000,0.000000,49000,55000,60000,62000,64000,65000,68000,69000,69000,69000,69000,86,0,48000.0,44069.05410221987,1430.5500410264358,68537.14450000552,500.9767441860465
1767971912,50,,Aggregated,1.200000,0.000000,48000,55000,60000,62000,64000,65000,68000,69000,69000,69000,69000,87,0,48000.0,44073.18507374636,1430.5500410264358,68537.14450000552,500.95402298850576
1767971913,50,,Aggregated,1.200000,0.000000,48000,55000,60000,62000,64000,65000,68000,69000,69000,69000,69000,88,0,48000.0,44075.1412040673,1430.5500410264358,68537.14450000552,500.96590909090907
1767971914,50,,Aggregated,1.200000,0.000000,48000,55000,60000,62000,64000,65000,68000,69000,69000,69000,69000,90,0,47000.0,44081.38715602238,1430.5500410264358,68537.14450000552,500.96666666666664
1767971915,50,,Aggregated,1.200000,0.000000,47000,55000,60000,62000,64000,65000,68000,69000,69000,69000,69000,91,0,47000.0,44082.96271612046,1430.5500410264358,68537.14450000552,500.989010989011
1767971916,50,,Aggregated,1.200000,0.000000,47000,55000,60000,62000,64000,65000,68000,69000,69000,69000,69000,92,0,47000.0,44082.955814770845,1430.5500410264358,68537.14450000552,500.9673913043478
1767971917,50,,Aggregated,1.200000,0.000000,47000,55000,60000,62000,64000,65000,68000,69000,69000,69000,69000,93,0,47000.0,44084.769113805465,1430.5500410264358,68537.14450000552,500.96774193548384
1767971918,50,,Aggregated,1.200000,0.000000,47000,55000,60000,62000,64000,65000,68000,69000,69000,69000,69000,94,0,46000.0,44084.8502114352,1430.5500410264358,68537.14450000552,500.9574468085106
1767971919,50,,Aggregated,1.300000,0.000000,46000,54000,60000,61000,64000,65000,68000,69000,69000,69000,69000,96,0,45000.0,44071.74196961447,1430.5500410264358,68537.14450000552,500.9791666666667
1767971920,50,,Aggregated,1.300000,0.000000,45000,54000,59000,61000,64000,65000,68000,69000,69000,69000,69000,97,0,45000.0,44067.79062843248,1430.5500410264358,68537.14450000552,500.96907216494844
1767971921,50,,Aggregated,1.300000,0.000000,45000,53000,59000,61000,64000,65000,68000,69000,69000,69000,69000,98,0,45000.0,44061.45146895884,1430.5500410264358,68537.14450000552,500.96938775510205
1767971922,50,,Aggregated,1.200000,0.000000,45000,53000,59000,61000,64000,65000,68000,69000,69000,69000,69000,99,0,45000.0,44056.53924705058,1430.5500410264358,68537.14450000552,500.969696969697
1767971923,50,,Aggregated,1.300000,0.000000,45000,53000,58000,61000,64000,64000,68000,68000,69000,69000,69000,101,0,45000.0,44044.984916663074,1430.5500410264358,68537.14450000552,500.96039603960395
1767971924,50,,Aggregated,1.300000,0.000000,45000,53000,58000,61000,64000,64000,68000,68000,69000,69000,69000,102,0,45000.0,44038.598308813365,1430.5500410264358,68537.14450000552,500.96078431372547
1767971925,50,,Aggregated,1.300000,0.000000,45000,53000,58000,61000,64000,64000,68000,68000,69000,69000,69000,103,0,45000.0,44031.42145508674,1430.5500410264358,68537.14450000552,500.93203883495147
1767971926,50,,Aggregated,1.300000,0.000000,44000,53000,57000,61000,64000,64000,68000,68000,69000,69000,69000,105,0,44000.0,43978.09030435137,1430.5500410264358,68537.14450000552,500.9142857142857
1767971927,50,,Aggregated,1.300000,0.000000,44000,52000,57000,60000,64000,64000,68000,68000,69000,69000,69000,106,0,44000.0,43944.04450115937,1430.5500410264358,68537.14450000552,500.9056603773585
1767971928,50,,Aggregated,1.300000,0.000000,44000,52000,57000,60000,64000,64000,68000,68000,69000,69000,69000,107,0,44000.0,43913.22799881205,1430.5500410264358,68537.14450000552,500.9065420560748
1767971929,50,,Aggregated,1.200000,0.000000,44000,51000,57000,60000,64000,64000,68000,68000,69000,69000,69000,109,0,44000.0,43853.14025991616,1430.5500410264358,68537.14450000552,500.908256880734
1767971930,50,,Aggregated,1.300000,0.000000,44000,51000,57000,60000,64000,64000,68000,68000,69000,69000,69000,110,0,44000.0,43815.531904525546,1430.5500410264358,68537.14450000552,500.91818181818184
1767971931,50,,Aggregated,1.300000,0.000000,44000,51000,57000,60000,64000,64000,68000,68000,69000,69000,69000,111,0,44000.0,43781.13437873712,1430.5500410264358,68537.14450000552,500.9009009009009
1767971932,50,,Aggregated,1.300000,0.000000,44000,51000,57000,60000,64000,64000,68000,68000,69000,69000,69000,112,0,44000.0,43746.09108368583,1430.5500410264358,68537.14450000552,500.88392857142856
1767971933,50,,Aggregated,1.300000,0.000000,44000,51000,57000,60000,64000,64000,68000,68000,69000,69000,69000,113,0,44000.0,43711.89983405144,1430.5500410264358,68537.14450000552,500.8938053097345
1767971934,50,,Aggregated,1.300000,0.000000,44000,51000,57000,60000,64000,64000,68000,68000,69000,69000,69000,114,0,44000.0,43680.33199230559,1430.5500410264358,68537.14450000552,500.87719298245617
1767971935,50,,Aggregated,1.300000,0.000000,44000,50000,57000,60000,64000,64000,68000,68000,69000,69000,69000,115,0,44000.0,43650.10468693724,1430.5500410264358,68537.14450000552,500.8782608695652
1767971936,50,,Aggregated,1.300000,0.000000,44000,50000,57000,60000,64000,64000,68000,68000,69000,69000,69000,116,0,44000.0,43623.02167957563,1430.5500410264358,68537.14450000552,500.87068965517244
1767971937,50,,Aggregated,1.200000,0.000000,44000,49000,55000,60000,64000,64000,68000,68000,69000,69000,69000,118,0,44000.0,43572.025133455696,1430.5500410264358,68537.14450000552,500.8813559322034
1767971938,50,,Aggregated,1.200000,0.000000,44000,49000,55000,60000,64000,64000,68000,68000,69000,69000,69000,119,0,44000.0,43550.8930623006,1430.5500410264358,68537.14450000552,500.88235294117646
1767971939,50,,Aggregated,1.200000,0.000000,44000,49000,55000,60000,64000,64000,68000,68000,69000,69000,69000,120,0,44000.0,43526.304024281366,1430.5500410264358,68537.14450000552,500.89166666666665
1767971940,50,,Aggregated,1.200000,0.000000,44000,49000,55000,59000,63000,64000,68000,68000,69000,69000,69000,121,0,44000.0,43501.81843317162,1430.5500410264358,68537.14450000552,500.89256198347107
1767971941,50,,Aggregated,1.100000,0.000000,44000,49000,55000,59000,63000,64000,68000,68000,69000,69000,69000,122,0,44000.0,43479.95721377702,1430.5500410264358,68537.14450000552,500.8688524590164
1767971942,50,,Aggregated,1.200000,0.000000,44000,49000,55000,59000,63000,64000,68000,68000,69000,69000,69000,124,0,44000.0,43434.12525099025,1430.5500410264358,68537.14450000552,500.85483870967744
1767971943,50,,Aggregated,1.100000,0.000000,44000,49000,55000,59000,63000,64000,68000,68000,69000,69000,69000,125,0,44000.0,43411.38238631792,1430.5500410264358,68537.14450000552,500.864
1767971944,50,,Aggregated,1.100000,0.000000,44000,49000,55000,58000,63000,64000,68000,68000,69000,69000,69000,126,0,44000.0,43390.20672352939,1430.5500410264358,68537.14450000552,500.87301587301585
1767971945,50,,Aggregated,1.100000,0.000000,44000,48000,55000,58000,63000,64000,68000,68000,69000,69000,69000,128,0,44000.0,43344.63288898222,1430.5500410264358,68537.14450000552,500.859375
1767971946,50,,Aggregated,1.200000,0.000000,44000,48000,54000,58000,63000,64000,68000,68000,69000,69000,69000,129,0,44000.0,43320.79431426154,1430.5500410264358,68537.14450000552,500.83720930232556
1767971947,50,,Aggregated,1.200000,0.000000,44000,48000,54000,58000,63000,64000,68000,68000,69000,69000,69000,130,0,44000.0,43297.29687882845,1430.5500410264358,68537.14450000552,500.83076923076925
1767971948,50,,Aggregated,1.200000,0.000000,44000,48000,54000,57000,63000,64000,68000,68000,69000,69000,69000,131,0,44000.0,43274.30112815802,1430.5500410264358,68537.14450000552,500.82442748091603
1767971949,50,,Aggregated,1.300000,0.000000,44000,47000,53000,57000,63000,64000,68000,68000,69000,69000,69000,133,0,44000.0,43230.00916194509,1430.5500410264358,68537.14450000552,500.796992481203
1767971950,50,,Aggregated,1.300000,0.000000,44000,47000,53000,57000,63000,64000,68000,68000,69000,69000,69000,134,0,44000.0,43207.97067846052,1430.5500410264358,68537.14450000552,500.8059701492537
1767971951,50,,Aggregated,1.300000,0.000000,44000,47000,53000,57000,63000,64000,68000,68000,69000,69000,69000,135,0,44000.0,43184.309438560835,1430.5500410264358,68537.14450000552,500.8222222222222
1767971952,50,,Aggregated,1.200000,0.000000,44000,47000,53000,57000,63000,64000,68000,68000,69000,69000,69000,137,0,44000.0,43139.713760618324,1430.5500410264358,68537.14450000552,500.8321167883212
1767971953,50,,Aggregated,1.300000,0.000000,44000,47000,53000,57000,63000,64000,68000,68000,69000,69000,69000,138,0,44000.0,43119.65584175903,1430.5500410264358,68537.14450000552,500.8333333333333
1767971954,50,,Aggregated,1.300000,0.000000,44000,46000,53000,57000,63000,64000,68000,68000,69000,69000,69000,139,0,44000.0,43099.20932371051,1430.5500410264358,68537.14450000552,500.8345323741007
1767971955,50,,Aggregated,1.300000,0.000000,44000,46000,53000,57000,63000,64000,68000,68000,69000,69000,69000,140,0,44000.0,43081.03643449803,1430.5500410264358,68537.14450000552,500.8285714285714
1767971956,50,,Aggregated,1.300000,0.000000,44000,46000,53000,57000,63000,64000,68000,68000,69000,69000,69000,141,0,44000.0,43062.20797337392,1430.5500410264358,68537.14450000552,500.8085106382979
1767971957,50,,Aggregated,1.200000,0.000000,44000,45000,53000,57000,63000,64000,68000,68000,69000,69000,69000,143,0,44000.0,43025.8080224035,1430.5500410264358,68537.14450000552,500.8251748251748
1767971958,50,,Aggregated,1.300000,0.000000,44000,45000,53000,57000,63000,64000,68000,68000,69000,69000,69000,144,0,44000.0,43006.89439435234,1430.5500410264358,68537.14450000552,500.8263888888889
1767971959,50,,Aggregated,1.300000,0.000000,44000,45000,52000,57000,63000,64000,68000,68000,69000,69000,69000,145,0,44000.0,42988.077712322345,1430.5500410264358,68537.14450000552,500.82068965517243
1767971960,50,,Aggregated,1.200000,0.000000,44000,45000,52000,55000,63000,64000,68000,68000,69000,69000,69000,146,0,43000.0,42969.166587580505,1430.5500410264358,68537.14450000552,500.8150684931507
1767971961,50,,Aggregated,1.300000,0.000000,43000,45000,52000,55000,63000,64000,68000,68000,69000,69000,69000,148,0,43000.0,42930.74728290366,1430.5500410264358,68537.14450000552,500.81756756756755
1767971962,50,,Aggregated,1.300000,0.000000,43000,45000,51000,55000,63000,64000,68000,68000,69000,69000,69000,149,0,43000.0,42913.66194822667,1430.5500410264358,68537.14450000552,500.81879194630875
1767971963,50,,Aggregated,1.300000,0.000000,43000,45000,51000,55000,63000,64000,68000,68000,69000,69000,69000,150,0,43000.0,42894.76164246521,1430.5500410264358,68537.14450000552,500.8066666666667
1767971964,50,,Aggregated,1.200000,0.000000,43000,45000,51000,55000,63000,64000,66000,68000,69000,69000,69000,151,0,43000.0,42875.66878776673,1430.5500410264358,68537.14450000552,500.80132450331126
1767971965,50,,Aggregated,1.300000,0.000000,43000,44000,51000,55000,63000,64000,66000,68000,69000,69000,69000,153,0,43000.0,42843.81050186793,1430.5500410264358,68537.14450000552,500.7843137254902
1767971966,50,,Aggregated,1.300000,0.000000,43000,44000,51000,55000,63000,64000,66000,68000,69000,69000,69000,154,0,43000.0,42827.87300212203,1430.5500410264358,68537.14450000552,500.7792207792208
1767971967,50,,Aggregated,1.300000,0.000000,43000,44000,51000,55000,63000,64000,66000,68000,69000,69000,69000,155,0,43000.0,42812.55535318575,1430.5500410264358,68537.14450000552,500.7741935483871
1767971968,50,,Aggregated,1.200000,0.000000,43000,44000,51000,55000,63000,64000,66000,68000,69000,69000,69000,156,0,42000.0,42799.63214712691,1430.5500410264358,68537.14450000552,500.77564102564105
1767971969,50,,Aggregated,1.200000,0.000000,42000,44000,50000,55000,63000,64000,66000,68000,69000,69000,69000,157,0,42000.0,42785.441775170395,1430.5500410264358,68537.14450000552,500.77070063694265
1767971970,50,,Aggregated,1.200000,0.000000,41000,44000,50000,55000,63000,64000,66000,68000,69000,69000,69000,159,0,41000.0,42758.40317972813,1430.5500410264358,68537.14450000552,500.7861635220126
1767971971,50,,Aggregated,1.200000,0.000000,41000,44000,50000,55000,63000,64000,66000,68000,69000,69000,69000,160,0,41000.0,42743.425456986355,1430.5500410264358,68537.14450000552,500.8
1767971972,50,,Aggregated,1.200000,0.000000,41000,44000,49000,54000,63000,64000,66000,68000,69000,69000,69000,161,0,41000.0,42730.073879874566,1430.5500410264358,68537.14450000552,500.8074534161491
1767971973,50,,Aggregated,1.200000,0.000000,41000,44000,49000,54000,63000,64000,66000,68000,69000,69000,69000,163,0,41000.0,42704.7145063546,1430.5500410264358,68537.14450000552,500.79754601226995
1767971974,50,,Aggregated,1.300000,0.000000,41000,44000,49000,54000,63000,64000,66000,68000,69000,69000,69000,164,0,41000.0,42688.078026383075,1430.5500410264358,68537.14450000552,500.7926829268293
1767971975,50,,Aggregated,1.300000,0.000000,41000,44000,49000,54000,63000,64000,66000,68000,69000,69000,69000,165,0,41000.0,42671.662325968704,1430.5500410264358,68537.14450000552,500.7878787878788
1767971976,50,,Aggregated,1.200000,0.000000,41000,44000,49000,53000,63000,64000,66000,68000,69000,69000,69000,167,0,41000.0,42636.63959077768,1430.5500410264358,68537.14450000552,500.79041916167665
1767971977,50,,Aggregated,1.300000,0.000000,41000,44000,49000,53000,63000,64000,66000,68000,69000,69000,69000,168,0,41000.0,42619.256347183604,1430.5500410264358,68537.14450000552,500.79761904761904
1767971978,50,,Aggregated,1.300000,0.000000,41000,44000,49000,53000,63000,64000,66000,68000,69000,69000,69000,169,0,41000.0,42601.68824872702,1430.5500410264358,68537.14450000552,500.81065088757396
1767971979,50,,Aggregated,1.300000,0.000000,41000,44000,49000,53000,63000,64000,66000,68000,69000,69000,69000,170,0,41000.0,42584.88550363449,1430.5500410264358,68537.14450000552,500.8
1767971980,50,,Aggregated,1.300000,0.000000,41000,44000,49000,53000,63000,64000,66000,68000,69000,69000,69000,170,0,41000.0,42584.88550363449,1430.5500410264358,68537.14450000552,500.8
1767971981,50,,Aggregated,1.300000,0.000000,41000,44000,49000,53000,62000,64000,66000,68000,69000,69000,69000,171,0,41000.0,42575.74555868341,1430.5500410264358,68537.14450000552,500.812865497076
1767971982,50,,Aggregated,1.300000,0.000000,41000,44000,49000,53000,62000,64000,66000,68000,69000,69000,69000,171,0,41000.0,42575.74555868341,1430.5500410264358,68537.14450000552,500.812865497076
1767971983,50,,Aggregated,1.200000,0.000000,41000,44000,49000,53000,62000,64000,66000,68000,69000,69000,69000,172,0,41000.0,42571.506710958565,1430.5500410264358,68537.14450000552,500.81976744186045
1767971984,50,,Aggregated,1.000000,0.000000,41000,44000,48000,53000,62000,64000,66000,68000,69000,69000,69000,173,0,41000.0,42570.973560652434,1430.5500410264358,68537.14450000552,500.84393063583815
1767971985,50,,Aggregated,1.000000,0.000000,41000,44000,48000,53000,62000,64000,66000,68000,69000,69000,69000,175,0,41000.0,42568.68480710211,1430.5500410264358,68537.14450000552,500.8514285714286
1767971986,50,,Aggregated,0.900000,0.000000,41000,44000,48000,53000,62000,64000,66000,68000,69000,69000,69000,176,0,41000.0,42565.92035412439,1430.5500410264358,68537.14450000552,500.85795454545456
1767971987,50,,Aggregated,0.900000,0.000000,41000,44000,48000,53000,62000,64000,66000,68000,69000,69000,69000,178,0,41000.0,42557.400576971064,1430.5500410264358,68537.14450000552,500.85393258426967
